{"cameraMode":{"drawMode":0,"name":"Shaded","section":"Shading Mode"},"sceneLighting":true,"audioPlay":false,"sceneViewState":{"showFog":true,"showMaterialUpdate":false,"showSkybox":true,"showFlares":true,"showImageEffects":true,"showParticleSystems":true,"showVisualEffectGraphs":true,"m_FxEnabled":true},"in2DMode":false,"pivot":{"x":245.99935913085938,"y":48.804683685302737,"z":30.730758666992189},"rotation":{"x":0.11343181878328324,"y":-0.024445442482829095,"z":0.002787433099001646,"w":0.9932708144187927},"size":81.39410400390625,"orthographic":false}